provider,certification_name,official_name,official_url,credential_type,exam_code,current_status,cost,currency,free_or_paid,estimated_hours,prerequisites,account_required,identity_verification,proctored,open_book,ai_allowed,exam_required,course_required,assessment_required,passing_score,attempt_limit,retake_policy,expiration,renewal_requirement,registration_status,study_status,exam_status,result,credential_url,certificate_file,badge_url,issued_date,expiry_date,notes,last_checked
SAP,SAP Certified – SAP Generative AI Developer,,,,,UNVERIFIED,,,,,,,,,,,,,,,,,,,NOT_STARTED,NOT_STARTED,NOT_STARTED,,,,,,,,
SAP,SAP Certified – Business Transformation Consultant,,,,,UNVERIFIED,,,,,,,,,,,,,,,,,,,NOT_STARTED,NOT_STARTED,NOT_STARTED,,,,,,,,
SAP,SAP Certified – Data Analyst – SAP Analytics Cloud,,,,,UNVERIFIED,,,,,,,,,,,,,,,,,,,NOT_STARTED,NOT_STARTED,NOT_STARTED,,,,,,,,
SAP,SAP Certified – SAP Business Data Cloud,,,,,UNVERIFIED,,,,,,,,,,,,,,,,,,,NOT_STARTED,NOT_STARTED,NOT_STARTED,,,,,,,,
SAP,SAP Certified – SAP Build Developer,,,,,UNVERIFIED,,,,,,,,,,,,,,,,,,,NOT_STARTED,NOT_STARTED,NOT_STARTED,,,,,,,,
SAP,SAP Certified – BTP System Administrator,,,,,UNVERIFIED,,,,,,,,,,,,,,,,,,,NOT_STARTED,NOT_STARTED,NOT_STARTED,,,,,,,,
SAP,SAP Certified – Solution Transformation Consultant with SAP Cloud ALM,,,,,UNVERIFIED,,,,,,,,,,,,,,,,,,,NOT_STARTED,NOT_STARTED,NOT_STARTED,,,,,,,,
SAP,SAP Certified – Project Manager – SAP Activate,,,,,UNVERIFIED,,,,,,,,,,,,,,,,,,,NOT_STARTED,NOT_STARTED,NOT_STARTED,,,,,,,,
SAP,SAP Certified – Implementation Consultant – SAP Ariba Procurement,,,,,UNVERIFIED,,,,,,,,,,,,,,,,,,,NOT_STARTED,NOT_STARTED,NOT_STARTED,,,,,,,,
SAP,SAP Certified – Implementation Consultant – SAP Ariba Supplier Management,,,,,UNVERIFIED,,,,,,,,,,,,,,,,,,,NOT_STARTED,NOT_STARTED,NOT_STARTED,,,,,,,,
SAP,SAP Certified – Managed Gateway for Spend Management and SAP Business Network,,,,,UNVERIFIED,,,,,,,,,,,,,,,,,,,NOT_STARTED,NOT_STARTED,NOT_STARTED,,,,,,,,
SAP,SAP Certified – RISE with SAP Transformation – Agent-Led Toolchain,,,,,UNVERIFIED,,,,,,,,,,,,,,,,,,,NOT_STARTED,NOT_STARTED,NOT_STARTED,,,,,,,,
SAP,"SAP Certified – Implementation Consultant – SAP S/4HANA Cloud Public Edition, Financial Accounting",,,,,UNVERIFIED,,,,,,,,,,,,,,,,,,,NOT_STARTED,NOT_STARTED,NOT_STARTED,,,,,,,,
SAP,"SAP Certified – Implementation Consultant – SAP S/4HANA Cloud Public Edition, Sales",,,,,UNVERIFIED,,,,,,,,,,,,,,,,,,,NOT_STARTED,NOT_STARTED,NOT_STARTED,,,,,,,,
SAP,"SAP Certified – Implementation Consultant – SAP S/4HANA Cloud Public Edition, Sourcing and Procurement",,,,,UNVERIFIED,,,,,,,,,,,,,,,,,,,NOT_STARTED,NOT_STARTED,NOT_STARTED,,,,,,,,
SAP,"SAP Certified – SAP S/4HANA Cloud Private Edition, Sales",,,,,UNVERIFIED,,,,,,,,,,,,,,,,,,,NOT_STARTED,NOT_STARTED,NOT_STARTED,,,,,,,,
SAP,"SAP Certified – SAP S/4HANA Cloud Private Edition, Production Planning and Manufacturing",,,,,UNVERIFIED,,,,,,,,,,,,,,,,,,,NOT_STARTED,NOT_STARTED,NOT_STARTED,,,,,,,,
SAP,"SAP Certified – SAP S/4HANA Cloud Private Edition, Service",,,,,UNVERIFIED,,,,,,,,,,,,,,,,,,,NOT_STARTED,NOT_STARTED,NOT_STARTED,,,,,,,,
SAP,SAP Certified – Business User – SAP Commerce Cloud,,,,,UNVERIFIED,,,,,,,,,,,,,,,,,,,NOT_STARTED,NOT_STARTED,NOT_STARTED,,,,,,,,
SAP,SAP Certified – SAP SuccessFactors Employee Central Core and Position Management,,,,,UNVERIFIED,,,,,,,,,,,,,,,,,,,NOT_STARTED,NOT_STARTED,NOT_STARTED,,,,,,,,
SEMRUSH,Getting Started with Semrush,,,,,UNVERIFIED,,,,,,,,,,,,,,,,,,,NOT_STARTED,NOT_STARTED,NOT_STARTED,,,,,,,,
SEMRUSH,Getting Started with Semrush for Agencies,,,,,UNVERIFIED,,,,,,,,,,,,,,,,,,,NOT_STARTED,NOT_STARTED,NOT_STARTED,,,,,,,,
SEMRUSH,AI Search Operating System,,,,,UNVERIFIED,,,,,,,,,,,,,,,,,,,NOT_STARTED,NOT_STARTED,NOT_STARTED,,,,,,,,
SEMRUSH,AI Search Operating System: SEO + ASO,,,,,UNVERIFIED,,,,,,,,,,,,,,,,,,,NOT_STARTED,NOT_STARTED,NOT_STARTED,,,,,,,,
SEMRUSH,AI PR Toolkit Crash Course,,,,,UNVERIFIED,,,,,,,,,,,,,,,,,,,NOT_STARTED,NOT_STARTED,NOT_STARTED,,,,,,,,
SEMRUSH,On-Page SEO and AI Search Essentials with Semrush,,,,,UNVERIFIED,,,,,,,,,,,,,,,,,,,NOT_STARTED,NOT_STARTED,NOT_STARTED,,,,,,,,
SEMRUSH,Keyword Research Essentials with Semrush,,,,,UNVERIFIED,,,,,,,,,,,,,,,,,,,NOT_STARTED,NOT_STARTED,NOT_STARTED,,,,,,,,
SEMRUSH,Local SEO Essentials with Semrush,,,,,UNVERIFIED,,,,,,,,,,,,,,,,,,,NOT_STARTED,NOT_STARTED,NOT_STARTED,,,,,,,,
SEMRUSH,Local Toolkit Crash Course,,,,,UNVERIFIED,,,,,,,,,,,,,,,,,,,NOT_STARTED,NOT_STARTED,NOT_STARTED,,,,,,,,
SEMRUSH,Social Media Marketing Crash Course,,,,,UNVERIFIED,,,,,,,,,,,,,,,,,,,NOT_STARTED,NOT_STARTED,NOT_STARTED,,,,,,,,
SEMRUSH,Building a Social Listening Program,,,,,UNVERIFIED,,,,,,,,,,,,,,,,,,,NOT_STARTED,NOT_STARTED,NOT_STARTED,,,,,,,,
SEMRUSH,Content Marketing Essentials for SEO and AI Search with Semrush,,,,,UNVERIFIED,,,,,,,,,,,,,,,,,,,NOT_STARTED,NOT_STARTED,NOT_STARTED,,,,,,,,
SEMRUSH,Content Toolkit Crash Course,,,,,UNVERIFIED,,,,,,,,,,,,,,,,,,,NOT_STARTED,NOT_STARTED,NOT_STARTED,,,,,,,,
SEMRUSH,Content-Led SEO with Brian Dean,,,,,UNVERIFIED,,,,,,,,,,,,,,,,,,,NOT_STARTED,NOT_STARTED,NOT_STARTED,,,,,,,,
SEMRUSH,Advanced Content Marketing,,,,,UNVERIFIED,,,,,,,,,,,,,,,,,,,NOT_STARTED,NOT_STARTED,NOT_STARTED,,,,,,,,
SEMRUSH,Off-Page SEO and AI Search Essentials with Semrush,,,,,UNVERIFIED,,,,,,,,,,,,,,,,,,,NOT_STARTED,NOT_STARTED,NOT_STARTED,,,,,,,,
SEMRUSH,Become an AI-Powered Marketer,,,,,UNVERIFIED,,,,,,,,,,,,,,,,,,,NOT_STARTED,NOT_STARTED,NOT_STARTED,,,,,,,,
SEMRUSH,AI Visibility Essentials with Semrush,,,,,UNVERIFIED,,,,,,,,,,,,,,,,,,,NOT_STARTED,NOT_STARTED,NOT_STARTED,,,,,,,,
SEMRUSH,Semrush SEO Crash Course with Brian Dean,,,,,UNVERIFIED,,,,,,,,,,,,,,,,,,,NOT_STARTED,NOT_STARTED,NOT_STARTED,,,,,,,,
SEMRUSH,Content Marketing Principles for Business,,,,,UNVERIFIED,,,,,,,,,,,,,,,,,,,NOT_STARTED,NOT_STARTED,NOT_STARTED,,,,,,,,
SEMRUSH,Maximizing ROI through Marketing Analytics: A Practical Guide for In-House Marketers,,,,,UNVERIFIED,,,,,,,,,,,,,,,,,,,NOT_STARTED,NOT_STARTED,NOT_STARTED,,,,,,,,
AHREFS,Ahrefs Certification,,,,,UNVERIFIED,,,,,,,,,,,,,,,,,,,NOT_STARTED,NOT_STARTED,NOT_STARTED,,,,,,,,
GOOGLE,Google Ads Search Certification,,,,,UNVERIFIED,,,,,,,,,,,,,,,,,,,NOT_STARTED,NOT_STARTED,NOT_STARTED,,,,,,,,
GOOGLE,Google Ads Display Certification,,,,,UNVERIFIED,,,,,,,,,,,,,,,,,,,NOT_STARTED,NOT_STARTED,NOT_STARTED,,,,,,,,
GOOGLE,Google Ads Video Certification,,,,,UNVERIFIED,,,,,,,,,,,,,,,,,,,NOT_STARTED,NOT_STARTED,NOT_STARTED,,,,,,,,
GOOGLE,Shopping Ads Certification,,,,,UNVERIFIED,,,,,,,,,,,,,,,,,,,NOT_STARTED,NOT_STARTED,NOT_STARTED,,,,,,,,
GOOGLE,Google Ads Apps Certification,,,,,UNVERIFIED,,,,,,,,,,,,,,,,,,,NOT_STARTED,NOT_STARTED,NOT_STARTED,,,,,,,,
GOOGLE,Google Ads Measurement Certification,,,,,UNVERIFIED,,,,,,,,,,,,,,,,,,,NOT_STARTED,NOT_STARTED,NOT_STARTED,,,,,,,,
GOOGLE,Google Analytics Certification,,,,,UNVERIFIED,,,,,,,,,,,,,,,,,,,NOT_STARTED,NOT_STARTED,NOT_STARTED,,,,,,,,
GOOGLE,Google Marketing Platform Certification,,,,,UNVERIFIED,,,,,,,,,,,,,,,,,,,NOT_STARTED,NOT_STARTED,NOT_STARTED,,,,,,,,
GOOGLE,YouTube Music Certification,,,,,UNVERIFIED,,,,,,,,,,,,,,,,,,,NOT_STARTED,NOT_STARTED,NOT_STARTED,,,,,,,,
GOOGLE,Fundamentals of Digital Marketing,,,,,UNVERIFIED,,,,,,,,,,,,,,,,,,,NOT_STARTED,NOT_STARTED,NOT_STARTED,,,,,,,,
GOOGLE,Advanced Omnichannel Certificate,,,,,UNVERIFIED,,,,,,,,,,,,,,,,,,,NOT_STARTED,NOT_STARTED,NOT_STARTED,,,,,,,,
HUBSPOT,HubSpot Digital Marketing Certification,,,,,UNVERIFIED,,,,,,,,,,,,,,,,,,,NOT_STARTED,NOT_STARTED,NOT_STARTED,,,,,,,,
HUBSPOT,HubSpot Content Marketing Certification,,,,,UNVERIFIED,,,,,,,,,,,,,,,,,,,NOT_STARTED,NOT_STARTED,NOT_STARTED,,,,,,,,
HUBSPOT,HubSpot Inbound Certification,,,,,UNVERIFIED,,,,,,,,,,,,,,,,,,,NOT_STARTED,NOT_STARTED,NOT_STARTED,,,,,,,,
HUBSPOT,HubSpot Inbound Marketing Certification,,,,,UNVERIFIED,,,,,,,,,,,,,,,,,,,NOT_STARTED,NOT_STARTED,NOT_STARTED,,,,,,,,
HUBSPOT,HubSpot Inbound Sales Certification,,,,,UNVERIFIED,,,,,,,,,,,,,,,,,,,NOT_STARTED,NOT_STARTED,NOT_STARTED,,,,,,,,
HUBSPOT,HubSpot Digital Advertising Certification,,,,,UNVERIFIED,,,,,,,,,,,,,,,,,,,NOT_STARTED,NOT_STARTED,NOT_STARTED,,,,,,,,
HUBSPOT,HubSpot Revenue Operations Certification,,,,,UNVERIFIED,,,,,,,,,,,,,,,,,,,NOT_STARTED,NOT_STARTED,NOT_STARTED,,,,,,,,
HUBSPOT,HubSpot Social Media Marketing Certification,,,,,UNVERIFIED,,,,,,,,,,,,,,,,,,,NOT_STARTED,NOT_STARTED,NOT_STARTED,,,,,,,,
HUBSPOT,HubSpot Reporting Certification,,,,,UNVERIFIED,,,,,,,,,,,,,,,,,,,NOT_STARTED,NOT_STARTED,NOT_STARTED,,,,,,,,
HUBSPOT,HubSpot Service Hub Software Certification,,,,,UNVERIFIED,,,,,,,,,,,,,,,,,,,NOT_STARTED,NOT_STARTED,NOT_STARTED,,,,,,,,
HUBSPOT,HubSpot Sales Hub Software Certification,,,,,UNVERIFIED,,,,,,,,,,,,,,,,,,,NOT_STARTED,NOT_STARTED,NOT_STARTED,,,,,,,,
HUBSPOT,HubSpot Marketing Hub Software Certification,,,,,UNVERIFIED,,,,,,,,,,,,,,,,,,,NOT_STARTED,NOT_STARTED,NOT_STARTED,,,,,,,,
HUBSPOT,HubSpot Inbound Marketing Optimization Certification,,,,,UNVERIFIED,,,,,,,,,,,,,,,,,,,NOT_STARTED,NOT_STARTED,NOT_STARTED,,,,,,,,
HUBSPOT,HubSpot Sales Enablement Certification,,,,,UNVERIFIED,,,,,,,,,,,,,,,,,,,NOT_STARTED,NOT_STARTED,NOT_STARTED,,,,,,,,
HUBSPOT,Integrating With HubSpot I: Foundations,,,,,UNVERIFIED,,,,,,,,,,,,,,,,,,,NOT_STARTED,NOT_STARTED,NOT_STARTED,,,,,,,,
HUBSPOT,Implementing AEO With HubSpot,,,,,UNVERIFIED,,,,,,,,,,,,,,,,,,,NOT_STARTED,NOT_STARTED,NOT_STARTED,,,,,,,,
HUBSPOT,AI-Readiness Accelerator Workshop,,,,,UNVERIFIED,,,,,,,,,,,,,,,,,,,NOT_STARTED,NOT_STARTED,NOT_STARTED,,,,,,,,
HUBSPOT,AI-Augmented HubSpot Stack Mini-Series,,,,,UNVERIFIED,,,,,,,,,,,,,,,,,,,NOT_STARTED,NOT_STARTED,NOT_STARTED,,,,,,,,
HUBSPOT,"AI for Marketing, Sales, and Service Bootcamp",,,,,UNVERIFIED,,,,,,,,,,,,,,,,,,,NOT_STARTED,NOT_STARTED,NOT_STARTED,,,,,,,,
IBM,Artificial Intelligence Fundamentals,,,,,UNVERIFIED,,,,,,,,,,,,,,,,,,,NOT_STARTED,NOT_STARTED,NOT_STARTED,,,,,,,,
IBM,Getting Started with Artificial Intelligence,,,,,UNVERIFIED,,,,,,,,,,,,,,,,,,,NOT_STARTED,NOT_STARTED,NOT_STARTED,,,,,,,,
IBM,AI Foundations,,,,,UNVERIFIED,,,,,,,,,,,,,,,,,,,NOT_STARTED,NOT_STARTED,NOT_STARTED,,,,,,,,
IBM,Artificial Intelligence Fundamentals with Capstone Project,,,,,UNVERIFIED,,,,,,,,,,,,,,,,,,,NOT_STARTED,NOT_STARTED,NOT_STARTED,,,,,,,,
IBM,Machine Learning Methods and Tools,,,,,UNVERIFIED,,,,,,,,,,,,,,,,,,,NOT_STARTED,NOT_STARTED,NOT_STARTED,,,,,,,,
IBM,Data Analytics for Machine Learning,,,,,UNVERIFIED,,,,,,,,,,,,,,,,,,,NOT_STARTED,NOT_STARTED,NOT_STARTED,,,,,,,,
IBM,Supervised Learning Methods,,,,,UNVERIFIED,,,,,,,,,,,,,,,,,,,NOT_STARTED,NOT_STARTED,NOT_STARTED,,,,,,,,
IBM,Data Fundamentals,,,,,UNVERIFIED,,,,,,,,,,,,,,,,,,,NOT_STARTED,NOT_STARTED,NOT_STARTED,,,,,,,,
IBM,Cybersecurity Fundamentals,,,,,UNVERIFIED,,,,,,,,,,,,,,,,,,,NOT_STARTED,NOT_STARTED,NOT_STARTED,,,,,,,,
IBM,Getting Started with Cybersecurity,,,,,UNVERIFIED,,,,,,,,,,,,,,,,,,,NOT_STARTED,NOT_STARTED,NOT_STARTED,,,,,,,,
IBM,Information Technology Fundamentals,,,,,UNVERIFIED,,,,,,,,,,,,,,,,,,,NOT_STARTED,NOT_STARTED,NOT_STARTED,,,,,,,,
IBM,Agile Explorer,,,,,UNVERIFIED,,,,,,,,,,,,,,,,,,,NOT_STARTED,NOT_STARTED,NOT_STARTED,,,,,,,,
IBM,Working in a Digital World: Professional Skills,,,,,UNVERIFIED,,,,,,,,,,,,,,,,,,,NOT_STARTED,NOT_STARTED,NOT_STARTED,,,,,,,,
IBM,Working in a Digital World: Essential Skills,,,,,UNVERIFIED,,,,,,,,,,,,,,,,,,,NOT_STARTED,NOT_STARTED,NOT_STARTED,,,,,,,,
IBM,Fundamentals of Sustainability and Technology,,,,,UNVERIFIED,,,,,,,,,,,,,,,,,,,NOT_STARTED,NOT_STARTED,NOT_STARTED,,,,,,,,
IBM,Basic Principles of Design,,,,,UNVERIFIED,,,,,,,,,,,,,,,,,,,NOT_STARTED,NOT_STARTED,NOT_STARTED,,,,,,,,
IBM,Front-End Web Development,,,,,UNVERIFIED,,,,,,,,,,,,,,,,,,,NOT_STARTED,NOT_STARTED,NOT_STARTED,,,,,,,,
IBM,System and Network Security,,,,,UNVERIFIED,,,,,,,,,,,,,,,,,,,NOT_STARTED,NOT_STARTED,NOT_STARTED,,,,,,,,
IBM,Cybersecurity Architecture,,,,,UNVERIFIED,,,,,,,,,,,,,,,,,,,NOT_STARTED,NOT_STARTED,NOT_STARTED,,,,,,,,
IBM,IBM SkillsBuild Data Analytics Certificate,,,,,UNVERIFIED,,,,,,,,,,,,,,,,,,,NOT_STARTED,NOT_STARTED,NOT_STARTED,,,,,,,,
IBM,IBM SkillsBuild Business Analyst Certificate,,,,,UNVERIFIED,,,,,,,,,,,,,,,,,,,NOT_STARTED,NOT_STARTED,NOT_STARTED,,,,,,,,
IBM,IBM SkillsBuild Software Engineering for Web Developers Certificate,,,,,UNVERIFIED,,,,,,,,,,,,,,,,,,,NOT_STARTED,NOT_STARTED,NOT_STARTED,,,,,,,,
IBM,IBM Artificial Intelligence Practitioner Certificate,,,,,UNVERIFIED,,,,,,,,,,,,,,,,,,,NOT_STARTED,NOT_STARTED,NOT_STARTED,,,,,,,,
IBM,Software Engineer Pre-Apprenticeship – V3,,,,,UNVERIFIED,,,,,,,,,,,,,,,,,,,NOT_STARTED,NOT_STARTED,NOT_STARTED,,,,,,,,
OTHER MARKETING,GDPR Essentials,,,,,UNVERIFIED,,,,,,,,,,,,,,,,,,,NOT_STARTED,NOT_STARTED,NOT_STARTED,,,,,,,,
OTHER MARKETING,Email Marketing Expert Certificate,,,,,UNVERIFIED,,,,,,,,,,,,,,,,,,,NOT_STARTED,NOT_STARTED,NOT_STARTED,,,,,,,,
OTHER MARKETING,Marketing Automation Expert Certificate,,,,,UNVERIFIED,,,,,,,,,,,,,,,,,,,NOT_STARTED,NOT_STARTED,NOT_STARTED,,,,,,,,
MELTWATER,Media Monitoring with Explore: Core Learning Path,,,,,UNVERIFIED,,,,,,,,,,,,,,,,,,,NOT_STARTED,NOT_STARTED,NOT_STARTED,,,,,,,,
MELTWATER,Certification Level I: Media Monitoring with Meltwater Explore,,,,,UNVERIFIED,,,,,,,,,,,,,,,,,,,NOT_STARTED,NOT_STARTED,NOT_STARTED,,,,,,,,
MELTWATER,Media Monitoring with Explore: Advanced Learning Path,,,,,UNVERIFIED,,,,,,,,,,,,,,,,,,,NOT_STARTED,NOT_STARTED,NOT_STARTED,,,,,,,,
MELTWATER,Social Media Management with Meltwater Engage Learning Path,,,,,UNVERIFIED,,,,,,,,,,,,,,,,,,,NOT_STARTED,NOT_STARTED,NOT_STARTED,,,,,,,,
MELTWATER,Social Listening Analyst Certification: Turn Conversations into Intelligence,,,,,UNVERIFIED,,,,,,,,,,,,,,,,,,,NOT_STARTED,NOT_STARTED,NOT_STARTED,,,,,,,,
MELTWATER,Explore+ Admin: Build and Scale Your Media Intelligence Program,,,,,UNVERIFIED,,,,,,,,,,,,,,,,,,,NOT_STARTED,NOT_STARTED,NOT_STARTED,,,,,,,,
MELTWATER,Agency Specialist Certification Level I: Brand Communications,,,,,UNVERIFIED,,,,,,,,,,,,,,,,,,,NOT_STARTED,NOT_STARTED,NOT_STARTED,,,,,,,,
MELTWATER,"Agency Specialist Certification Level I: Consumer, Product, Lifecycle",,,,,UNVERIFIED,,,,,,,,,,,,,,,,,,,NOT_STARTED,NOT_STARTED,NOT_STARTED,,,,,,,,
MELTWATER,Agency Specialist Certification Level I: Crisis & Issues Communications,,,,,UNVERIFIED,,,,,,,,,,,,,,,,,,,NOT_STARTED,NOT_STARTED,NOT_STARTED,,,,,,,,
MELTWATER,Agency Specialist Certification Level II: Brand Communications,,,,,UNVERIFIED,,,,,,,,,,,,,,,,,,,NOT_STARTED,NOT_STARTED,NOT_STARTED,,,,,,,,
MELTWATER,"Agency Specialist Certification Level II: Consumer, Product, Lifecycle",,,,,UNVERIFIED,,,,,,,,,,,,,,,,,,,NOT_STARTED,NOT_STARTED,NOT_STARTED,,,,,,,,
MELTWATER,Agency Specialist Certification Level II: Crisis & Issues Communications,,,,,UNVERIFIED,,,,,,,,,,,,,,,,,,,NOT_STARTED,NOT_STARTED,NOT_STARTED,,,,,,,,
MELTWATER,Agency Specialist Certification: Corporate Communications,,,,,UNVERIFIED,,,,,,,,,,,,,,,,,,,NOT_STARTED,NOT_STARTED,NOT_STARTED,,,,,,,,
MELTWATER,Influencer Marketing with Meltwater (Klear): Foundations,,,,,UNVERIFIED,,,,,,,,,,,,,,,,,,,NOT_STARTED,NOT_STARTED,NOT_STARTED,,,,,,,,
MELTWATER,Package Certification Level I: Social – Essentials,,,,,UNVERIFIED,,,,,,,,,,,,,,,,,,,NOT_STARTED,NOT_STARTED,NOT_STARTED,,,,,,,,
MELTWATER,Package Certification Level II: Social – Essentials,,,,,UNVERIFIED,,,,,,,,,,,,,,,,,,,NOT_STARTED,NOT_STARTED,NOT_STARTED,,,,,,,,
KLAVIYO,Klaviyo Practitioner Certificate,,,,,UNVERIFIED,,,,,,,,,,,,,,,,,,,NOT_STARTED,NOT_STARTED,NOT_STARTED,,,,,,,,
KLAVIYO,Klaviyo Service Practitioner Certificate,,,,,UNVERIFIED,,,,,,,,,,,,,,,,,,,NOT_STARTED,NOT_STARTED,NOT_STARTED,,,,,,,,
KLAVIYO,Klaviyo Developer Certificate,,,,,UNVERIFIED,,,,,,,,,,,,,,,,,,,NOT_STARTED,NOT_STARTED,NOT_STARTED,,,,,,,,
KLAVIYO,Klaviyo Digital Marketing Certificate,,,,,UNVERIFIED,,,,,,,,,,,,,,,,,,,NOT_STARTED,NOT_STARTED,NOT_STARTED,,,,,,,,
KLAVIYO,Klaviyo Deliverability Certificate,,,,,UNVERIFIED,,,,,,,,,,,,,,,,,,,NOT_STARTED,NOT_STARTED,NOT_STARTED,,,,,,,,
HOOTSUITE,Hootsuite Platform Certification,,,,,UNVERIFIED,,,,,,,,,,,,,,,,,,,NOT_STARTED,NOT_STARTED,NOT_STARTED,,,,,,,,
HOOTSUITE,Hootsuite Social Media Marketing Certification,,,,,UNVERIFIED,,,,,,,,,,,,,,,,,,,NOT_STARTED,NOT_STARTED,NOT_STARTED,,,,,,,,
HOOTSUITE,Hootsuite Advanced Social Advertising Certification,,,,,UNVERIFIED,,,,,,,,,,,,,,,,,,,NOT_STARTED,NOT_STARTED,NOT_STARTED,,,,,,,,
HOOTSUITE,Hootsuite Social Selling Certification,,,,,UNVERIFIED,,,,,,,,,,,,,,,,,,,NOT_STARTED,NOT_STARTED,NOT_STARTED,,,,,,,,
HOOTSUITE,Hootsuite Enterprise Certification,,,,,UNVERIFIED,,,,,,,,,,,,,,,,,,,NOT_STARTED,NOT_STARTED,NOT_STARTED,,,,,,,,
SHOPIFY,Shopify Academy Verified Skill – Building and Optimizing Online Stores,,,,,UNVERIFIED,,,,,,,,,,,,,,,,,,,NOT_STARTED,NOT_STARTED,NOT_STARTED,,,,,,,,
SHOPIFY,Shopify Academy Verified Skill – Shopify POS,,,,,UNVERIFIED,,,,,,,,,,,,,,,,,,,NOT_STARTED,NOT_STARTED,NOT_STARTED,,,,,,,,
SHOPIFY,Shopify Academy Verified Skill – B2B Solutions,,,,,UNVERIFIED,,,,,,,,,,,,,,,,,,,NOT_STARTED,NOT_STARTED,NOT_STARTED,,,,,,,,
SHOPIFY,Shopify Academy Verified Skill – Headless Commerce,,,,,UNVERIFIED,,,,,,,,,,,,,,,,,,,NOT_STARTED,NOT_STARTED,NOT_STARTED,,,,,,,,
SHOPIFY,Shopify Academy Verified Skill – Custom Apps and Themes,,,,,UNVERIFIED,,,,,,,,,,,,,,,,,,,NOT_STARTED,NOT_STARTED,NOT_STARTED,,,,,,,,
ASANA,Asana Workflow Specialist Certificate,,,,,UNVERIFIED,,,,,,,,,,,,,,,,,,,NOT_STARTED,NOT_STARTED,NOT_STARTED,,,,,,,,
ASANA,Asana Administrator Certificate,,,,,UNVERIFIED,,,,,,,,,,,,,,,,,,,NOT_STARTED,NOT_STARTED,NOT_STARTED,,,,,,,,
ASANA,Asana Foundations Skill Badge,,,,,UNVERIFIED,,,,,,,,,,,,,,,,,,,NOT_STARTED,NOT_STARTED,NOT_STARTED,,,,,,,,
ASANA,Campaign Management Skill Badge,,,,,UNVERIFIED,,,,,,,,,,,,,,,,,,,NOT_STARTED,NOT_STARTED,NOT_STARTED,,,,,,,,
ASANA,Resource Management Skill Badge,,,,,UNVERIFIED,,,,,,,,,,,,,,,,,,,NOT_STARTED,NOT_STARTED,NOT_STARTED,,,,,,,,
ASANA,AI for Work Skill Badge,,,,,UNVERIFIED,,,,,,,,,,,,,,,,,,,NOT_STARTED,NOT_STARTED,NOT_STARTED,,,,,,,,
ASANA,AI Studio Foundations Skill Badge,,,,,UNVERIFIED,,,,,,,,,,,,,,,,,,,NOT_STARTED,NOT_STARTED,NOT_STARTED,,,,,,,,
GITLAB,GitLab Certified Git Associate,,,,,UNVERIFIED,,,,,,,,,,,,,,,,,,,NOT_STARTED,NOT_STARTED,NOT_STARTED,,,,,,,,
GITLAB,GitLab Certified Security Associate,,,,,UNVERIFIED,,,,,,,,,,,,,,,,,,,NOT_STARTED,NOT_STARTED,NOT_STARTED,,,,,,,,
WRIKE,AI Work Platform Core Certification,,,,,UNVERIFIED,,,,,,,,,,,,,,,,,,,NOT_STARTED,NOT_STARTED,NOT_STARTED,,,,,,,,
WRIKE,Admin Certification,,,,,UNVERIFIED,,,,,,,,,,,,,,,,,,,NOT_STARTED,NOT_STARTED,NOT_STARTED,,,,,,,,
WRIKE,AI Automation Engineer Certification,,,,,UNVERIFIED,,,,,,,,,,,,,,,,,,,NOT_STARTED,NOT_STARTED,NOT_STARTED,,,,,,,,
WRIKE,Introduction to Generative AI,,,,,UNVERIFIED,,,,,,,,,,,,,,,,,,,NOT_STARTED,NOT_STARTED,NOT_STARTED,,,,,,,,
JAPAN,AI活用検定 2級,,,,,UNVERIFIED,,,,,,,,,,,,,,,,,,,NOT_STARTED,NOT_STARTED,NOT_STARTED,,,,,,,,
JAPAN,AI活用検定 1級,,,,,UNVERIFIED,,,,,,,,,,,,,,,,,,,NOT_STARTED,NOT_STARTED,NOT_STARTED,,,,,,,,
